model,silhouette,davies_bouldin,calinski_harabasz,n_clusters_found
KMeans,0.2068773292240008,1.7305895456020262,114.29612033816329,7
"DBSCAN(eps=3.0, min_samples=5)",0.17085938569959933,1.9967225245489715,83.04713309765289,8
Agglomerative,0.1596871460755096,1.7920293640479057,100.0012741183042,7
GaussianMixture,0.15572232078093148,2.0035056852528723,95.90396589185337,7
